{
  "enabled": true,
  "statistics": {
    "mean": 0.8164148926734924,
    "std": 0.3223210871219635,
    "median": 0.9729392528533936,
    "min": 0.015933990478515625,
    "max": 1.0974935293197632,
    "p5": 0.06626186519861221,
    "p25": 0.846062183380127,
    "p50": 0.9729392528533936,
    "p75": 0.9984157681465149,
    "p95": 1.042217493057251,
    "num_pairs": 435
  },
  "thresholds": {
    "merge_threshold": 0.3329332619905472,
    "split_threshold": 0.9984157681465149,
    "review_threshold": 0.2033279687166214,
    "reassign_threshold": 0.6658665239810944
  },
  "config": {
    "merge_sigma": 1.5,
    "split_percentile": 75,
    "review_bottom_pct": 15
  }
}